Name,affiliation,homepage,scholar-id,citations,h-index
Qing Yang,Montana State University,https://www.cs.montana.edu/yang,FIMxNL0AAAAJ,3022.0,30.0
Upulee Kanewala,Montana State University,https://www.cs.montana.edu/directory/1812043/upulee-kanewala,WIG-usAAAAAJ,553.0,11.0
Binhai Zhu,Montana State University,https://www.cs.montana.edu/bhz,BAzWR-UAAAAJ,2894.0,27.0
John Paxton,Montana State University,https://www.cs.montana.edu/directory/1524459/john-paxton,,,
Brendan Mumey,Montana State University,https://www.cs.montana.edu/directory/1524423/brendan-mumey,gw5eQs8AAAAJ,1053.0,16.0
John Sheppard,Montana State University,https://www.cs.montana.edu/sheppard,H6cL-14AAAAJ,3126.0,24.0
Brittany Fasy,Montana State University,https://www.cs.montana.edu/brittany,oiTuXgIAAAAJ,1359.0,15.0
Mike P. Wittie,Montana State University,https://www.cs.montana.edu/mwittie,jald9mcAAAAJ,828.0,16.0
Iulian Neamtiu,NJIT,https://web.njit.edu/~ineamtiu,8qU-5YMAAAAJ,6195.0,34.0
Ioannis Koutis,NJIT,https://web.njit.edu/~ikoutis,ONXC8_gAAAAJ,2005.0,20.0
Zhi Wei,NJIT,https://web.njit.edu/~zhiwei,1s4N3SIAAAAJ,12564.0,49.0
Baruch Schieber,NJIT,https://cs.njit.edu/faculty/sbar,58Yv3zUAAAAJ,8617.0,49.0
Yao Ma,NJIT,https://web.njit.edu/~ym329,wf9TTOIAAAAJ,2051.0,17.0
Jing Li,NJIT,https://web.njit.edu/~jingli,eFjZ6jAAAAAJ,1380.0,14.0
James McHugh,NJIT,https://web.njit.edu/~mchugh/202,oi903pgAAAAJ,250.0,9.0
Marvin K. Nakayama,NJIT,https://web.njit.edu/~marvin,eFKObrsAAAAJ,1677.0,22.0
Joseph Y.-T. Leung,NJIT,https://web.njit.edu/~leung,u7tU_O0AAAAJ,12601.0,49.0
Jason T. L. Wang,NJIT,https://web.njit.edu/~wangj,zT1g-WYAAAAJ,9785.0,44.0
David Nassimi,NJIT,https://web.njit.edu/~nassimi,,,
Vincent Oria,NJIT,https://web.njit.edu/~oria,PlgV6FwAAAAJ,2657.0,18.0
Przemyslaw Musialski,NJIT,https://web.njit.edu/~przem,GG5256IAAAAJ,2474.0,15.0
Kurt Rohloff,NJIT,https://web.njit.edu/~rohloff,N5fPp3YAAAAJ,1893.0,24.0
Shantanu Sharma,NJIT,https://web.njit.edu/~ss797,,,
Senjuti Basu Roy,NJIT,https://web.njit.edu/~senjutib,O125w4cAAAAJ,2411.0,25.0
Pan Xu,NJIT,https://sites.google.com/site/panxupi,jD1CUdYAAAAJ,777.0,17.0
Frank Y. Shih,NJIT,https://web.njit.edu/~shih,uXEp3MIAAAAJ,7723.0,43.0
Shaohua (David) Wang,NJIT,https://davidshaohuawang.wordpress.com,akcXrFAAAAAJ,596.0,14.0
Reza Curtmola,NJIT,https://web.njit.edu/~crix,mS1VzxkAAAAJ,10234.0,26.0
Michael A. Baltrush,NJIT,http://cs.njit.edu/people/baltrush.php,,,
Chengjun Liu,NJIT,http://cs.njit.edu/liu,TvBcLGMAAAAJ,9842.0,38.0
Narain Gehani,NJIT,http://cs.njit.edu/~gehani,,,
Xiaoning Ding,NJIT,https://web.njit.edu/~dingxn,2lfRQF8AAAAJ,3112.0,24.0
David A. Bader,NJIT,http://www.cc.gatech.edu/~bader,uXUA1pgAAAAJ,12731.0,64.0
Dimitri Theodoratos,NJIT,https://web.njit.edu/~dth,,,
Cristian Borcea,NJIT,http://cs.njit.edu/~borcea,wSQ6KZYAAAAJ,3805.0,30.0
James M. Calvin,NJIT,https://web.njit.edu/~calvin,TFf0hRcAAAAJ,96982.0,44.0
Ali Mili,NJIT,https://web.njit.edu/~mili,GPRauj0AAAAJ,5499.0,31.0
James Geller,NJIT,https://web.njit.edu/~geller,R_EbDzYAAAAJ,3839.0,33.0
Chase Q. Wu,NJIT,http://cs.njit.edu/people/wu.php,C__DNg8AAAAJ,4391.0,28.0
Andrew Sohn,NJIT,http://cs.njit.edu/people/sohn.php,,,
Yehoshua Perl,NJIT,http://cs.njit.edu/people/perl,jVLGHGQAAAAJ,5960.0,40.0
D. C. Douglas Hung,NJIT,http://cs.njit.edu/people/hung.php,,,
Usman Roshan,NJIT,http://cs.njit.edu/usman,8GkpkAIAAAAJ,1287.0,15.0
Guiling Wang,NJIT,https://web.njit.edu/~gwang,PJOGQc4AAAAJ,5919.0,26.0
Alexandros V. Gerbessiotis,NJIT,http://cs.njit.edu/~alexg,,,
Anne C. Elster,NTNU,https://www.ntnu.edu/employees/elster,aI3XW-QAAAAJ,1581.0,21.0
Magnus Jahre,NTNU,https://www.ntnu.edu/employees/magnus.jahre,D052R0UAAAAJ,1558.0,17.0
Magnus Själander,NTNU,https://www.ntnu.edu/employees/magnus.sjalander,mmdrsyQAAAAJ,1247.0,18.0
Lasse Natvig,NTNU,https://www.ntnu.edu/employees/lasse.natvig,21EFqlYAAAAJ,806.0,17.0
Kerstin Bach,NTNU,https://www.ntnu.edu/employees/kerstin.bach,DJzQ1J8AAAAJ,810.0,16.0
Heri Ramampiaro,NTNU,http://www.idi.ntnu.no/~heri,3H_HYnIAAAAJ,1161.0,16.0
Jon Atle Gulla,NTNU,https://www.ntnu.edu/employees/jon.atle.gulla,lq5InSEAAAAJ,2446.0,28.0
Letizia Jaccheri,NTNU,https://www.ntnu.edu/employees/letizia.jaccheri,xBnjjysAAAAJ,3754.0,31.0
Alf Inge Wang,NTNU,http://www.idi.ntnu.no/~alfw,EObDw_AAAAAJ,3362.0,27.0
Hallvard Trætteberg,NTNU,https://www.ntnu.edu/employees/hal,dyaSW90AAAAJ,862.0,15.0
Helge Langseth,NTNU,http://www.idi.ntnu.no/~helgel,yyXvuZsAAAAJ,3168.0,27.0
Michail N. Giannakos,NTNU,https://www.ntnu.edu/employees/michailg,USOZIeMAAAAJ,8904.0,46.0
Gunnar Tufte,NTNU,https://www.ntnu.edu/employees/gunnar.tufte,85QJtE0AAAAJ,1465.0,20.0
Frank Lindseth,NTNU,https://www.ntnu.edu/employees/frankl,3nEQftQAAAAJ,4432.0,34.0
Eric Monteiro,NTNU,https://www.ntnu.edu/employees/eric.monteiro,T2FKQKsAAAAJ,8276.0,33.0
John Krogstie,NTNU,http://www.idi.ntnu.no/~krogstie,IVFkoKgAAAAJ,12138.0,56.0
Jingyue Li,NTNU,https://www.ntnu.edu/employees/jingyue.li,ZeBM3ZAAAAAJ,2030.0,23.0
Guttorm Sindre,NTNU,https://www.ntnu.edu/employees/guttorm.sindre,mlcWCCkAAAAJ,7217.0,34.0
Dag Svanaes,NTNU,https://www.ntnu.edu/employees/dag.svanes,rrAsOFsAAAAJ,2373.0,25.0
Kostas Alexis,NTNU,http://www.kostasalexis.com,1rPSVNAAAAAJ,5315.0,41.0
Monica Divitini,NTNU,https://www.ntnu.edu/employees/divitini,w9p5LZoAAAAJ,2618.0,26.0
Agnar Aamodt,NTNU,https://www.ntnu.edu/employees/agnar,,,
Ivar Farup,NTNU,https://www.ntnu.edu/employees/ivar.farup,Fly9iXMAAAAJ,1461.0,18.0
Kjetil Nørvåg,NTNU,http://www.idi.ntnu.no/~noervaag,mADR4AYAAAAJ,4717.0,36.0
Odd Erik Gundersen,NTNU,https://www.ntnu.edu/employees/odderik,mcERTrMAAAAJ,633.0,12.0
Zhirong Yang,NTNU,https://www.ntnu.no/ansatte/zhirong.yang,jxOrsf4AAAAJ,1564.0,19.0
Trond Aalberg,NTNU,https://www.ntnu.edu/employees/trondaal,8UTZJ0wAAAAJ,996.0,15.0
Svein Erik Bratsberg,NTNU,https://www.ntnu.edu/employees/sveinbra,IcnFXPcAAAAJ,797.0,13.0
Pinar Öztürk,NTNU,https://www.ntnu.edu/employees/pinar,,,
Svein-Olaf Hvasshovd,NTNU,https://www.ntnu.edu/employees/sophus,,,
Yngve Dahl,NTNU,https://www.ntnu.edu/employees/yngveda,mlyhLO0AAAAJ,741.0,16.0
Magnus Lie Hetland,NTNU,https://www.ntnu.edu/employees/mlh,Ya7SllsAAAAJ,907.0,16.0
Pauline C Haddow,NTNU,https://www.ntnu.edu/employees/pauline,HIHxCNAAAAAJ,1489.0,19.0
Pieter J. Toussaint,NTNU,https://www.ntnu.edu/employees/pieter,,,
Rakesh Kumar,NTNU,https://www.ntnu.edu/employees/rakesh.kumar,z_ylJuoAAAAJ,240.0,9.0
Sobah Abbas Petersen,NTNU,https://www.ntnu.edu/employees/sobah.a.petersen,owVhPsMAAAAJ,1493.0,21.0
Babak A. Farshchian,NTNU,https://www.ntnu.edu/employees/babak.farshchian,fGgCWqgAAAAJ,1080.0,16.0
D. J. Soudris,NTUA,https://microlab.ntua.gr/academics/dimitrios-soudris,lWuTmpEAAAAJ,5429.0,32.0
Symeon Papavassiliou,NTUA,http://www.netmode.ntua.gr/papavass,qVvp2dEAAAAJ,7976.0,43.0
Iakovos S. Venieris,NTUA,http://www.icbnet.ntua.gr/website/el/people/~ivenieris,Q0ylKvEAAAAJ,3335.0,27.0
Konstantinos Karantzalos,NTUA,http://users.ntua.gr/karank,U6t7QpsAAAAJ,2969.0,28.0
Harris E. Psillakis,NTUA,http://users.ntua.gr/hpsilakis,iwioPgUAAAAJ,491.0,12.0
Athanasios D. Panagopoulos,NTUA,http://users.ntua.gr/thanpan,RGuFDFIAAAAJ,5742.0,34.0
Gregoris Mentzas,NTUA,http://imu.ntua.gr/users/gmentzas,WdybrQYAAAAJ,7137.0,41.0
Hercules Avramopoulos,NTUA,https://www.photonics.ntua.gr/people/prof-hercules-avramopoulos,hf2txgMAAAAJ,5725.0,37.0
Konstantina S. Nikita,NTUA,http://www.biosim.ntua.gr/gr/people/knikita,4t9gJcUAAAAJ,9316.0,52.0
Nikolaos Papaspyrou,NTUA,https://www.softlab.ntua.gr/~nickie,sB4E4lcAAAAJ,826.0,17.0
Ioanna Roussaki,NTUA,http://people.cn.ntua.gr/ioanna/index.html,MIaDIWQAAAAJ,2092.0,22.0
Giorgos B. Stamou,NTUA,http://www.image.ntua.gr/~gstam,R3y5dxMAAAAJ,4824.0,34.0
Dionisios N. Pnevmatikatos,NTUA,http://www.cslab.ntua.gr/~pnevmati,TKtxe-UAAAAJ,3612.0,29.0
Panagiotis Tsanakas,NTUA,http://www.cslab.ntua.gr/~panag,UdV8-qIAAAAJ,3220.0,20.0
Nectarios Koziris,NTUA,http://www.cslab.ntua.gr/~nkoziris,wgwP96QAAAAJ,5435.0,31.0
Andreas Stafylopatis,NTUA,http://www2.islab.ntua.gr/andreas,,,
Dimitris A. Fotakis,NTUA,https://www.softlab.ntua.gr/~fotakis,zFDLf0UAAAAJ,2823.0,28.0
Stefanos D. Kollias,NTUA,http://www.image.ece.ntua.gr/lab/stefanos,-h2va3cAAAAJ,12723.0,54.0
Emmanouel A. Varvarigos,NTUA,http://hscnl.ece.ntua.gr/index.php/members/director,uynxtwsAAAAJ,7136.0,40.0
Dimitra I. Kaklamani,NTUA,http://icbnet.ntua.gr/website/en/people/~dkaklamani,2tDrm6UAAAAJ,2515.0,24.0
Haris Ch. Doukas,NTUA,https://www.ece.ntua.gr/en/staff/187,4TieQ1IAAAAJ,5149.0,38.0
Panayotis G. Cottis,NTUA,https://www.ece.ntua.gr/en/staff/19,,,
Petros Maragos,NTUA,http://cvsp.cs.ntua.gr/maragos,A2XydgGCY9gC,18693.0,62.0
Aris Pagourtzis,NTUA,http://users.softlab.ntua.gr/~pagour,xh1BcAwAAAAJ,903.0,16.0
George I. Goumas,NTUA,http://www.cslab.ntua.gr/~goumas,Cskc-awAAAAJ,1413.0,19.0
Panagiotis Frangos,NTUA,https://www.ece.ntua.gr/gr/staff/48,i8miyV0AAAAJ,948.0,15.0
Constantin Papaodysseus,NTUA,https://www.ece.ntua.gr/en/staff/72,,,
Efstathios D. Sykas,NTUA,https://www.ece.ntua.gr/en/staff/36,,,
Antonios Symvonis,NTUA,http://www.math.ntua.gr/~symvonis,EHH_0W8AAAAJ,1545.0,23.0
Dora Varvarigou,NTUA,https://www.ece.ntua.gr/en/staff/60,kueSeb4AAAAJ,6840.0,40.0
Dimitrios Askounis,NTUA,https://www.ece.ntua.gr/en/staff/75,GYIGP4MAAAAJ,2826.0,25.0
Elias Koukoutsis,NTUA,https://www.ece.ntua.gr/en/staff/63,,,
Ioannis Psarras,NTUA,https://www.ece.ntua.gr/en/staff/65,AMoT_2wAAAAJ,8767.0,51.0
Alexandros Potamianos,NTUA,http://cvsp.cs.ntua.gr/potam,pBQViyUAAAAJ,7633.0,46.0
George K. Matsopoulos,NTUA,https://www.ece.ntua.gr/en/staff/175,zKzcMW0AAAAJ,3234.0,30.0
Demetrios-Dionysios Koutsouris,NTUA,http://www2.biomed.ntua.gr/%CE%B4%CE%B9%CE%B5%CF%85%CE%B8%CF%85%CE%BD%CF%84%CE%AE%CF%82,tTm7CCAAAAAJ,5969.0,36.0
Miltiades E. Anagnostou,NTUA,http://mcwt.cn.ntua.gr/?q=el/content/miltiades-anagnostou,pvThzK0AAAAJ,1725.0,20.0
Nikolas Mitrou,NTUA,http://mcwt.cn.ntua.gr/content/nikolaos-mitrou,wiq0MZ0AAAAJ,1320.0,16.0
Petros S. Stefaneas,NTUA,http://www.math.ntua.gr/~petros/index.htm,ikmeLvwAAAAJ,747.0,11.0
Costas S. Tzafestas,NTUA,http://users.softlab.ntua.gr/~ktzaf,lxC7IaoAAAAJ,2302.0,24.0
Paul P. Sotiriadis,NTUA,https://www.ece.ntua.gr/en/staff/184,UtDXmH8AAAAJ,1923.0,21.0
Lei Guo,NWPU,https://teacher.nwpu.edu.cn/en/guolei.html,,,
Panfeng Huang,NWPU,https://teacher.nwpu.edu.cn/m/en/2005000156.html,,,
Zhiwen Yu,NWPU,http://www.ccm.media.kyoto-u.ac.jp/~yu,H0qmM6gAAAAJ,12471.0,51.0
Yuchao Dai,NWPU,https://teacher.nwpu.edu.cn/m/en/2017010207.html,fddAbqsAAAAJ,5703.0,36.0
Feiping Nie,NWPU,http://www.escience.cn/people/fpnie/index.html,2oB4nAIAAAAJ,28706.0,91.0
Zhanhuai Li,NWPU,https://teacher.nwpu.edu.cn/en/lizhanhuai.html,,,
Junwei Han,NWPU,http://www.escience.cn/people/JunweiHan/index.html,xrqsoesAAAAJ,21740.0,73.0
Yongqiang zhao,NWPU,https://teacher.nwpu.edu.cn/m/en/2001000069.html,FsJyR8QAAAAJ,2864.0,25.0
Bin Guo,NWPU,http://www.guob.org,VC6N2iQAAAAJ,10126.0,44.0
Yong Xia,NWPU,https://teacher.nwpu.edu.cn/en/yongxia.html,Usw1jeMAAAAJ,6586.0,40.0
Yanning Zhang,NWPU,https://teacher.nwpu.edu.cn/m/en/1999000059.html,MfbIbuEAAAAJ,3027.0,20.0
Yuan Yuan,NWPU,https://teacher.nwpu.edu.cn/m/en/2018010291.html,,,
Qing-Hua Huang,NWPU,http://wisemed.cn/index.php/index/login_c.html,cdxgLCYAAAAJ,4066.0,36.0
Xuelong Li,NWPU,http://iopen.nwpu.edu.cn/info/1329/1171.htm,ahUibskAAAAJ,54972.0,119.0
Yizhai Zhang,NWPU,https://teacher.nwpu.edu.cn/en/zhangyizhai.html,,,
Mingyi He,NWPU,http://dianzi.nwpu.edu.cn/info/1269/5955.htm,gLnLpAsAAAAJ,4595.0,28.0
Lei Xie,NWPU,http://lxie.nwpu-aslp.org/index.htm,,,
Peng Wang,NWPU,https://wangpengnorman.github.io,aPLp7pAAAAAJ,3485.0,25.0
Qi Wang,NWPU,http://crabwq.github.io,GPrkTBsAAAAJ,7729.0,42.0
Shuhui Bu,NWPU,https://teacher.nwpu.edu.cn/m/en/2011010101.html,spwZ6b4AAAAJ,2572.0,27.0
Zheng Zhang,NYU Shanghai,https://shanghai.nyu.edu/academics/faculty/directory/zheng-zhang,Fqi0PiYAAAAJ,34586.0,80.0
Siyao Guo,NYU Shanghai,https://sites.google.com/site/siyaoguo,nscLxl4AAAAJ,557.0,14.0
Keith W. Ross,NYU Shanghai,http://nyu.edu/projects/keithwross,RhUcYmQAAAAJ,28013.0,78.0
Tian Zhang,Nanjing University,https://cs.nju.edu.cn/zhangtian,1oipMX4AAAAJ,548.0,12.0
Lijun Zhang,Nanjing University,http://cs.nju.edu.cn/zlj,DC5FEjoAAAAJ,3915.0,30.0
Wei Wang,Nanjing University,https://cs.nju.edu.cn/ww,JomuErcAAAAJ,5427.0,30.0
Yu Huang,Nanjing University,https://cs.nju.edu.cn/yuhuang,UWquqLIAAAAJ,139.0,7.0
Yuan Yao,Nanjing University,https://cs.nju.edu.cn/yuanyao,vUvt8JYAAAAJ,2746.0,28.0
Baoliu Ye,Nanjing University,https://cs.nju.edu.cn/yebl,BlbNI_sAAAAJ,1196.0,20.0
Jinxi Zhao,Nanjing University,https://cs.nju.edu.cn/zhaojinxi,,,
Yuming Zhou,Nanjing University,https://cs.nju.edu.cn/zhouyuming,,,
Yu-Bin Yang,Nanjing University,https://cs.nju.edu.cn/yangyubin,kLOKBgUAAAAJ,576.0,14.0
Baowen Xu,Nanjing University,https://cs.nju.edu.cn/xubaowen,,,
Chun Cao,Nanjing University,https://ccao.cc/en,U08cMmAAAAAJ,790.0,14.0
Furao Shen,Nanjing University,https://cs.nju.edu.cn/rinc/student/qty/index.html,bjSi-dIAAAAJ,2412.0,21.0
Hongjin Liang,Nanjing University,https://cs.nju.edu.cn/hongjin,c-jKd-UAAAAJ,352.0,8.0
Zhengxing Sun,Nanjing University,https://cs.nju.edu.cn/sunzhx,GZhOeeUAAAAJ,2677.0,24.0
Lin Shang,Nanjing University,https://cs.nju.edu.cn/shanglin,BN25W0AAAAAJ,1847.0,21.0
Jing Huo,Nanjing University,https://cs.nju.edu.cn/rl/people/huoj/index.htm,HKK1BdgAAAAJ,924.0,14.0
Yue Li,Nanjing University,https://yuelee.bitbucket.io,i1f0dbkAAAAJ,487.0,13.0
Wu-Jun Li,Nanjing University,https://cs.nju.edu.cn/lwj,NCCdqdcAAAAJ,5101.0,29.0
Tong Lu,Nanjing University,https://cs.nju.edu.cn/lutong,,,
Xuandong Li,Nanjing University,https://cs.nju.edu.cn/lixuandong,,,
Jia Liu,Nanjing University,https://cs.nju.edu.cn/liujia,lL08VKYAAAAJ,8283.0,53.0
Ming Li,Nanjing University,https://cs.nju.edu.cn/lim,djdBwxwAAAAJ,4392.0,20.0
Jian-Xin Wu,Nanjing University,https://cs.nju.edu.cn/wujx,,,
Chen Tian,Nanjing University,https://cs.nju.edu.cn/tianchen,OYNQpFYAAAAJ,4488.0,25.0
Xinyu Feng,Nanjing University,https://cs.nju.edu.cn/xyfeng,SuTEZ6EAAAAJ,1864.0,23.0
Zongzhang Zhang,Nanjing University,https://ai.nju.edu.cn/zhangzongzhang,,,
Zhi-Hua Zhou,Nanjing University,https://cs.nju.edu.cn/zhouzh,rSVIHasAAAAJ,71128.0,113.0
Yizheng Zhao,Nanjing University,https://ai.nju.edu.cn/zhaoyizheng,M3KkzOcAAAAJ,146.0,7.0
Jian Lu,Nanjing University,http://cs.nju.edu.cn/58/2a/c2639a153642/page.htm,,,
Kai Ming Ting,Nanjing University,https://ai.nju.edu.cn/KaiMingTing,9f3ZcbYAAAAJ,11153.0,41.0
Cam-Tu Nguyen,Nanjing University,https://ai.nju.edu.cn/b8/32/c18540a440370/page.htm,qaSjJ4wAAAAJ,834.0,15.0
Lei Xu,Nanjing University,http://cs.nju.edu.cn/xulei,,,
Yuan Zhang,Nanjing University,http://cosec.nju.edu.cn/#index.php/members/yuan-zhang,ZBV1qlMAAAAJ,486.0,12.0
Sheng Zhong,Nanjing University,http://cosec.nju.edu.cn/index.php/%E4%BB%B2%E7%9B%9B_Sheng_Zhong,EztoKEIAAAAJ,9545.0,32.0
Shujian Huang,Nanjing University,http://nlp.nju.edu.cn/huangsj,HF3-E9kAAAAJ,2666.0,22.0
Qing Gu,Nanjing University,https://www.facebook.com/public/Qing-Gu/city/Shanghai-China-106324046073002,4X1iP8IAAAAJ,12193.0,40.0
Bing Mao,Nanjing University,https://www.usenix.org/conference/usenixsecurity17/speaker-or-organizer/bing-mao-nanjing-university,4HAkmwcAAAAJ,23115.0,45.0
Chuyu Wang,Nanjing University,http://cs.nju.edu.cn/chuyu,yb3PUaoAAAAJ,441.0,12.0
Lei Bu,Nanjing University,http://cs.nju.edu.cn/bulei,,,
Changhai Nie,Nanjing University,http://gist.nju.edu.cn/~changhai,mRt6JHkAAAAJ,5196.0,37.0
Xin-Yu Dai,Nanjing University,http://cs.nju.edu.cn/daixinyu,zpWB1CgAAAAJ,2230.0,22.0
Wenzhong Li,Nanjing University,http://cs.nju.edu.cn/lwz,,,
Lei Xie,Nanjing University,http://cs.nju.edu.cn/lxie,aZFCUpcAAAAJ,1593.0,22.0
Linzhang Wang,Nanjing University,http://cs.nju.edu.cn/lzwang,3BoHCW8AAAAJ,1730.0,22.0
Zhuzhong Qian,Nanjing University,http://cs.nju.edu.cn/qzz,,,
Yinghuan Shi,Nanjing University,http://cs.nju.edu.cn/shiyh,m6BKDUMAAAAJ,2427.0,22.0
Liang Wang,Nanjing University,http://cs.nju.edu.cn/wangliang,O6EwhtYAAAAJ,753.0,7.0
Wei Wang,Nanjing University,http://cs.nju.edu.cn/wangwei,1y6wxQMAAAAJ,1140.0,13.0
Xiaoliang Wang,Nanjing University,http://cs.nju.edu.cn/wangxiaoliang,OHkG-kUAAAAJ,671.0,14.0
Jianxin Wu,Nanjing University,http://cs.nju.edu.cn/wujx,0JRtCV4AAAAJ,15581.0,52.0
Chong-Jun Wang,Nanjing University,https://hpi.de/en/research/research-school/international-branches/nanjing-university.html,uC9izpUAAAAJ,953.0,17.0
Yan-Wen Guo,Nanjing University,https://cs.nju.edu.cn/ywguo,,,
Enyi Tang,Nanjing University,https://software.nju.edu.cn//eytang/index.html,csjlmp4AAAAJ,105.0,5.0
Jia Liu,Nanjing University,http://www.iselab.cn/faculty/JiaLiu,lL08VKYAAAAJ,8283.0,53.0
Sanglu Lu,Nanjing University,https://cs.nju.edu.cn/58/1e/c2639a153630/page.htm,,,
Chao Qian,Nanjing University,http://www.lamda.nju.edu.cn/qianc,Gn5BXswAAAAJ,1076.0,19.0
Wei Gao,Nanjing University,http://www.lamda.nju.edu.cn/gaow,cbNEYPIAAAAJ,13659.0,37.0
Limin Wang,Nanjing University,http://wanglimin.github.io,HEuN8PcAAAAJ,14045.0,41.0
Minxue Pan,Nanjing University,https://minxuepan.github.io,8DFPfS4AAAAJ,265.0,9.0
Yang Gao,Nanjing University,https://cs.nju.edu.cn/gaoyang,k0jjQo8AAAAJ,8980.0,44.0
Yihua Huang,Nanjing University,http://ws.nju.edu.cn/people/yhhuang,,,
Yu-Feng Li,Nanjing University,http://lamda.nju.edu.cn/liyf,5iQDMtUAAAAJ,4083.0,29.0
Yuan Jiang,Nanjing University,http://lamda.nju.edu.cn/jiangy,Qp_v9woAAAAJ,8898.0,48.0
Fengyuan Xu,Nanjing University,https://cs.nju.edu.cn/fxu,,,
Gong Cheng,Nanjing University,http://ws.nju.edu.cn/~gcheng,_ncKAiwAAAAJ,2699.0,22.0
Qizhi Liu,Nanjing University,https://cs.nju.edu.cn/liuqizhi,,,
Haipeng Dai,Nanjing University,https://cs.nju.edu.cn/daihp,fb9R-QgAAAAJ,2398.0,28.0
Lin Chen,Nanjing University,https://cs.nju.edu.cn/chenlin,kuWNhAoAAAAJ,1557.0,19.0
Jiajun Chen,Nanjing University,https://cs.nju.edu.cn/chenjiajun/index_en.htm,WIF7VaoAAAAJ,1886.0,20.0
Zhiqiang Zuo,Nanjing University,http://cs.nju.edu.cn/zqzuo,,,
Yang Yu,Nanjing University,http://lamda.nju.edu.cn/yuy,PG2lDSwAAAAJ,3228.0,33.0
Jia-Fu Xu,Nanjing University,https://cs.nju.edu.cn/58/2b/c2639a153643/page.htm,,,
Daoxu Chen,Nanjing University,https://cs.nju.edu.cn/58/29/c2639a153641/page.htm,,,
Yuzhong Qu,Nanjing University,http://ws.nju.edu.cn/~yzqu,,,
Jun-Yuan Xie,Nanjing University,https://cs.nju.edu.cn/58/21/c2639a153633/page.htm,qJsC_XsAAAAJ,5557.0,13.0
Zhenyu Chen,Nanjing University,http://www.iselab.cn/faculty/ZhenyuChen,HQWxCnkAAAAJ,2408.0,29.0
Wei Hu,Nanjing University,http://ws.nju.edu.cn/~whu,iWs168sAAAAJ,3462.0,26.0
Qingkai Zeng,Nanjing University,https://cs.nju.edu.cn/58/1a/c2639a153626/page.htm,,,
Chang Xu,Nanjing University,https://cs.nju.edu.cn/changxu,,,
Jianhua Zhao,Nanjing University,https://cs.nju.edu.cn/58/18/c2639a153624/page.htm,qO7iw2QAAAAJ,285.0,10.0
Gangshan Wu,Nanjing University,http://mcg.nju.edu.cn/member/gswu/en/index.html,,,
He Jason Zhang,Nanjing University,https://software.nju.edu.cn//hezhang/index.html,_S92MLYAAAAJ,8591.0,43.0
Lijun Chen,Nanjing University,https://cs.nju.edu.cn/58/16/c2639a153622/page.htm,,,
Feng Xu,Nanjing University,http://ics.nju.edu.cn/people/fengxu,Fw3wFocAAAAJ,1066.0,20.0
Jun Ma,Nanjing University,http://ics.nju.edu.cn/people/junma,OkMoxEkAAAAJ,459.0,12.0
Ping Yu,Nanjing University,http://ics.nju.edu.cn/people/pingyu,,,
XianPing Tao,Nanjing University,http://ics.nju.edu.cn/people/xianpingtao,F3mGYVoAAAAJ,3209.0,28.0
Xiaoxing Ma,Nanjing University,http://ics.nju.edu.cn/people/xiaoxingma,44WpWR4AAAAJ,2178.0,26.0
Yanyan Jiang,Nanjing University,http://ics.nju.edu.cn/~jyy,4HxZiEcAAAAJ,307.0,11.0
Dong Shao,Nanjing University,https://software.nju.edu.cn/dongshao/index.html,,,
Bin Luo,Nanjing University,https://cs.nju.edu.cn/58/1c/c2639a153628/page.htm,,,
Tongwei Ren,Nanjing University,https://software.nju.edu.cn//rentw/index.html,WtnXVHoAAAAJ,1468.0,18.0
Wan-Chun Dou,Nanjing University,https://cs.nju.edu.cn/douwanchun,kfprmekAAAAJ,6744.0,45.0
Penghui Yao,Nanjing University,http://penghuiyao.info,iFxJ6XIAAAAJ,271.0,9.0
Han-Jia Ye,Nanjing University,http://www.lamda.nju.edu.cn/yehj,mgOYhtoAAAAJ,737.0,14.0
Xun Cao,Nanjing University,https://cite.nju.edu.cn/People/Faculty/20190621/i5054.html,8hZIngIAAAAJ,2405.0,27.0
Bingkai Lin,Nanjing University,https://sites.google.com/site/bingkai314159,7jXU6JMAAAAJ,199.0,7.0
Yu Wang,Nanjing University,https://itwoi.github.io,OZRduO0AAAAJ,79.0,5.0
Yibiao Yang,Nanjing University,https://yangyibiao.github.io,-7PoE6MAAAAJ,633.0,13.0
Fangmin Song,Nanjing University,http://www.easychair.org/smart-program/VSL2014/person4653.html,,,
Yitong Yin,Nanjing University,http://tcs.nju.edu.cn/yinyt/Yitong_Yin_homepage.html,IV49eb4AAAAJ,771.0,13.0
De-Chuan Zhan,Nanjing University,http://lamda.nju.edu.cn/zhandc,mYJf4TcAAAAJ,1935.0,20.0
Tian Tan,Nanjing University,https://silverbullettt.bitbucket.io,WHymFGEAAAAJ,440.0,12.0
Chun Yan Miao,Nanyang Technological University,http://www.ntulily.org/ascymiao,fmXGRJgAAAAJ,12138.0,54.0
Arijit Khan,Nanyang Technological University,http://www.ntu.edu.sg/home/arijit.khan,6Y-m8k4AAAAJ,2034.0,21.0
Arvind Easwaran,Nanyang Technological University,http://www.ntu.edu.sg/home/arvinde,B_ouhTgAAAAJ,2435.0,25.0
Wentong Cai,Nanyang Technological University,http://www.ntu.edu.sg/home/aswtcai,QdmIiyIAAAAJ,6827.0,40.0
Chengzheng Sun,Nanyang Technological University,http://www.ntu.edu.sg/home/czsun,eBpYUn4AAAAJ,5640.0,29.0
Yonggang Wen,Nanyang Technological University,http://www.ntu.edu.sg/home/ygwen,byeygOkAAAAJ,14157.0,59.0
Chee Keong Kwoh,Nanyang Technological University,http://www.ntu.edu.sg/home/asckkwoh,jVn0wDMAAAAJ,6664.0,39.0
Alexei Sourin,Nanyang Technological University,http://www.ntu.edu.sg/home/assourin,8A7kHCYAAAAJ,2714.0,25.0
Wee Keong Ng,Nanyang Technological University,http://www.ntu.edu.sg/home/awkng,eMNVcnYAAAAJ,6415.0,40.0
Douglas L. Maskell,Nanyang Technological University,http://www.ntu.edu.sg/home/asdouglas,o_roEHkAAAAJ,4936.0,37.0
Shafiq R. Joty,Nanyang Technological University,https://raihanjoty.github.io,hR249csAAAAJ,4895.0,37.0
Chng Eng Siong,Nanyang Technological University,http://www.ntu.edu.sg/home/aseschng,FJodrCcAAAAJ,6644.0,44.0
Hock Soon Seah,Nanyang Technological University,http://www.ntu.edu.sg/home/ashsseah,,,
Jagath C. Rajapakse,Nanyang Technological University,http://www.ntu.edu.sg/home/asjagath,9WPWHiEAAAAJ,13798.0,44.0
Xueyan Tang,Nanyang Technological University,http://www.ntu.edu.sg/home/asxytang,0S4cpyoAAAAJ,521.0,13.0
Anwitaman Datta,Nanyang Technological University,http://www.ntu.edu.sg/home/anwitaman,VWi3_OIAAAAJ,7617.0,37.0
Bo An,Nanyang Technological University,http://www.ntu.edu.sg/home/boan,CvdNmi0AAAAJ,141803.0,157.0
Adams Wai-Kin Kong,Nanyang Technological University,http://www.ntu.edu.sg/home/adamskong,,,
Shang-Wei Lin,Nanyang Technological University,http://www.ntu.edu.sg/home/shang-wei.lin,sCbkO2oAAAAJ,1180.0,19.0
Dusit Niyato,Nanyang Technological University,http://www.ntu.edu.sg/home/dniyato,T8sVhLMAAAAJ,48617.0,103.0
Han Yu,Nanyang Technological University,https://sites.google.com/site/hanyushomepage,eXgoTXMAAAAJ,6954.0,37.0
Hanwang Zhang,Nanyang Technological University,http://www.ntu.edu.sg/home/hanwangzhang,YG0DFyYAAAAJ,14402.0,51.0
Shijian Lu,Nanyang Technological University,http://www.ntu.edu.sg/home/shijian.lu/index.htm,uYmK-A0AAAAJ,9665.0,49.0
Jun Luo,Nanyang Technological University,http://www.ntu.edu.sg/home/junluo,Ng_zmUUAAAAJ,42437.0,95.0
Thomas Peyrin,Nanyang Technological University,https://thomaspeyrin.github.io/web,JUXrVDIAAAAJ,6440.0,38.0
Svetlana Obraztsova,Nanyang Technological University,https://sites.google.com/site/svobraztsova,aorQUi0AAAAJ,631.0,12.0
Mo Li,Nanyang Technological University,http://www.ntu.edu.sg/home/limo,U77AEBsAAAAJ,90923.0,105.0
Ying He,Nanyang Technological University,http://www.ntu.edu.sg/home/yhe,sVf_tdoAAAAJ,15286.0,46.0
Vivek Chaturvedi,Nanyang Technological University,http://www.ntu.edu.sg/home/vchaturvedi,uLCnTDEAAAAJ,420.0,11.0
A. P. Vinod,Nanyang Technological University,http://www.ntu.edu.sg/home/asvinod,,,
Rui Tan,Nanyang Technological University,http://www.ntu.edu.sg/home/tanrui,co5MGPkAAAAJ,3186.0,31.0
Weisi Lin,Nanyang Technological University,http://www.ntu.edu.sg/home/wslin,D_S41X4AAAAJ,22764.0,76.0
Yang Liu,Nanyang Technological University,http://www.ntu.edu.sg/home/yangliu,,,
Gao Cong,Nanyang Technological University,http://www.ntu.edu.sg/home/gaocong,WFFamJkAAAAJ,14976.0,62.0
Cham Tat Jen,Nanyang Technological University,http://www.ntu.edu.sg/home/astjcham,Lx3X7W0AAAAJ,4634.0,37.0
Jie Zhang,Nanyang Technological University,http://www.ntu.edu.sg/home/zhangj,R4OuQ2YAAAAJ,35355.0,93.0
Sinno Jialin Pan,Nanyang Technological University,http://www.ntu.edu.sg/home/sinnopan,P6WcnfkAAAAJ,29237.0,47.0
Anh Tuan Luu,Nanyang Technological University,https://tuanluu.github.io,d6ixOGYAAAAJ,2732.0,26.0
Wen-Jing Hsu,Nanyang Technological University,http://research.ntu.edu.sg/expertise/academicprofile/Pages/StaffProfile.aspx?ST_EMAILID=hsu,XnHbS6MAAAAJ,4133.0,31.0
Anupam Chattopadhyay,Nanyang Technological University,http://research.ntu.edu.sg/expertise/academicprofile/Pages/StaffProfile.aspx?ST_EMAILID=ANUPAM,TIt4ggwAAAAJ,4573.0,31.0
Xavier Bresson,Nanyang Technological University,http://research.ntu.edu.sg/expertise/academicprofile/Pages/StaffProfile.aspx?ST_EMAILID=XBRESSON&CategoryDescription=Mathematics,9pSK04MAAAAJ,14180.0,44.0
Liang-Tien Chia,Nanyang Technological University,http://research.ntu.edu.sg/expertise/academicprofile/Pages/StaffProfile.aspx?CategoryDescription=internetcommunications&ST_EMAILID=ASLTCHIA,Eeolw80AAAAJ,5238.0,34.0
Wang Ping,Nanyang Technological University,http://www3.ntu.edu.sg/home/wangping,uRLYksAAAAAJ,22245.0,78.0
Wooi Boon Goh,Nanyang Technological University,http://research.ntu.edu.sg/expertise/academicprofile/Pages/StaffProfile.aspx?ST_EMAILID=ASWBGOH,w7C16A8AAAAJ,1682.0,17.0
Erik Cambria,Nanyang Technological University,http://research.ntu.edu.sg/expertise/academicprofile/Pages/StaffProfile.aspx?ST_EMAILID=CAMBRIA,ilSYpW0AAAAJ,32516.0,94.0
Jacek Mandziuk,Nanyang Technological University,http://research.ntu.edu.sg/expertise/academicprofile/Pages/StaffProfile.aspx?ST_EMAILID=J.MANDZIUK&CategoryDescription=MachinesSystems,KHxnO24AAAAJ,1874.0,25.0
Guosheng Lin,Nanyang Technological University,https://guosheng.github.io,ZudEhvcAAAAJ,9127.0,33.0
Yew-Soon Ong,Nanyang Technological University,http://www.ntu.edu.sg/home/asysong,h9oWOsEAAAAJ,19341.0,69.0
Cuntai Guan,Nanyang Technological University,http://research.ntu.edu.sg/expertise/academicprofile/Pages/StaffProfile.aspx?ST_EMAILID=CTGUAN,sg4vxPoAAAAJ,18115.0,63.0
Srikanthan Thambipillai,Nanyang Technological University,http://research.ntu.edu.sg/expertise/academicprofile/Pages/StaffProfile.aspx?ST_EMAILID=ASTSRIKAN,,,
Yiping Ke,Nanyang Technological University,http://research.ntu.edu.sg/expertise/academicprofile/Pages/StaffProfile.aspx?ST_EMAILID=YPKE,30Fp0YYAAAAJ,3258.0,30.0
Bu-Sung Lee,Nanyang Technological University,http://research.ntu.edu.sg/expertise/academicprofile/Pages/StaffProfile.aspx?ST_EMAILID=ebslee,TyytTfQAAAAJ,13678.0,53.0
Sze-Yeung Liu,Nanyang Technological University,http://research.ntu.edu.sg/expertise/academicprofile/Pages/StaffProfile.aspx?ST_EMAILID=elvisliu,,,
"Boyang ""Albert"" Li",Nanyang Technological University,http://boyangli.org,QwL4z2UAAAAJ,1454.0,20.0
Aixin Sun,Nanyang Technological University,https://www.ntu.edu.sg/home/axsun,wyKGVKUAAAAJ,13497.0,55.0
Zinovi Rabinovich,Nanyang Technological University,http://www.zinovi.net,JwJRnmAAAAAJ,909.0,16.0
Xiao-Li Li,Nanyang Technological University,http://www1.i2r.a-star.edu.sg/~xlli,E3yQKloAAAAJ,21930.0,56.0
Kemao Qian,Nanyang Technological University,http://research.ntu.edu.sg/expertise/academicprofile/Pages/StaffProfile.aspx?ST_EMAILID=MKMQIAN,JCehBDoAAAAJ,9654.0,37.0
Jianmin Zheng,Nanyang Technological University,http://www.ntu.edu.sg/home/asjmzheng,yUFk0QUAAAAJ,18403.0,71.0
Siew Kei Lam,Nanyang Technological University,http://research.ntu.edu.sg/expertise/academicprofile/Pages/StaffProfile.aspx?ST_EMAILID=ASSKLAM&CategoryDescription=ComputerScienceandEngineering,V-ys2R0AAAAJ,1342.0,17.0
Kwok-Yan Lam,Nanyang Technological University,http://research.ntu.edu.sg/expertise/academicprofile/Pages/StaffProfile.aspx?ST_EMAILID=KWOKYAN.LAM,NDMIYKsAAAAJ,4024.0,32.0
Chai Kiat Yeo,Nanyang Technological University,http://research.ntu.edu.sg/expertise/academicprofile/Pages/StaffProfile.aspx?ST_EMAILID=ASCKYEO&CategoryDescription=interactivedigitalmedia,jWi-5AYAAAAJ,3615.0,28.0
Chan Hua Vun,Nanyang Technological University,http://research.ntu.edu.sg/expertise/academicprofile/Pages/StaffProfile.aspx?ST_EMAILID=ASCHVUN&CategoryDescription=InternetCommunications,,,
Deepu Rajan,Nanyang Technological University,http://www3.ntu.edu.sg/home/ASDRajan,,,
Sourav S. Bhowmick,Nanyang Technological University,https://www.ntu.edu.sg/home/assourav,o0F3sqEAAAAJ,5242.0,35.0
Jianfei Cai,Nanyang Technological University,http://www.ntu.edu.sg/home/asjfcai,N6czCoUAAAAJ,13804.0,53.0
Chiew Tong Lau,Nanyang Technological University,http://research.ntu.edu.sg/expertise/academicprofile/Pages/StaffProfile.aspx?ST_EMAILID=ASCTLAU,,,
Cheng Long,Nanyang Technological University,https://personal.ntu.edu.sg/c.long/index.html,LybJ7ksAAAAJ,1146.0,19.0
Chai Quek,Nanyang Technological University,http://research.ntu.edu.sg/expertise/academicprofile/Pages/StaffProfile.aspx?ST_EMAILID=ASHCQUEK,,,
Siu Cheung Hui,Nanyang Technological University,http://research.ntu.edu.sg/expertise/academicprofile/Pages/StaffProfile.aspx?ST_EMAILID=ASSCHUI&CategoryDescription=mathematics,d4ZYx6gAAAAJ,6752.0,43.0
A. S. Madhukumar,Nanyang Technological University,http://www3.ntu.edu.sg/home/asmadhukumar,,,
Weichen Liu,Nanyang Technological University,https://personal.ntu.edu.sg/liu,UozjxW8AAAAJ,2108.0,24.0
Chen Change Loy,Nanyang Technological University,http://personal.ie.cuhk.edu.hk/~ccloy,559LF80AAAAJ,43456.0,87.0
Lin Feng,Nanyang Technological University,http://research.ntu.edu.sg/expertise/academicprofile/Pages/StaffProfile.aspx?ST_EMAILID=ASFLIN,vasvExMAAAAJ,29018.0,96.0
Syin Chan,Nanyang Technological University,http://research.ntu.edu.sg/expertise/academicprofile/Pages/StaffProfile.aspx?ST_EMAILID=ASSCHAN,XrgEaMMAAAAJ,3689.0,32.0
Ching-Fang Hsu,National Cheng Kung University,http://www.csie.ncku.edu.tw/ncku_csie/depmember/teacherdetail/id/19,,,
Fan-Tien Cheng,National Cheng Kung University,http://www.csie.ncku.edu.tw/ncku_csie/depmember/teacherdetail/id/37,m9IzwP8AAAAJ,4618.0,37.0
Ing-Chao Lin,National Cheng Kung University,http://www.csie.ncku.edu.tw/ncku_csie/depmember/teacherdetail/id/31,OogCTloAAAAJ,9568.0,47.0
Tong-Yee Lee,National Cheng Kung University,http://www.csie.ncku.edu.tw/ncku_csie/depmember/teacherdetail/id/8,V3PTB98AAAAJ,4990.0,35.0
Kun-Ta Chuang,National Cheng Kung University,http://www.csie.ncku.edu.tw/ncku_csie/depmember/teacherdetail/id/35,f1ENUEQAAAAJ,916.0,17.0
Wei-Ta Chu,National Cheng Kung University,http://www.csie.ncku.edu.tw/ncku_csie/depmember/teacherdetail/id/82,DcltNjQAAAAJ,2142.0,25.0
Yuh-Min Chen,National Cheng Kung University,http://www.csie.ncku.edu.tw/ncku_csie/depmember/teacherdetail/id/39,,,
Shyh-Hau Wang,National Cheng Kung University,http://www.csie.ncku.edu.tw/ncku_csie/depmember/teacherdetail/id/32,wc6SaY4AAAAJ,504.0,10.0
Tzonelih Hwang,National Cheng Kung University,http://www.csie.ncku.edu.tw/ncku_csie/depmember/teacherdetail/id/4,,,
Chiang Lee,National Cheng Kung University,http://www.csie.ncku.edu.tw/ncku_csie/depmember/teacherdetail/id/6,NU1_ahwAAAAJ,2985.0,31.0
Taho Yang,National Cheng Kung University,http://www.csie.ncku.edu.tw/ncku_csie/depmember/teacherdetail/id/41,R1C6VZYAAAAJ,5916.0,36.0
Chia-Heng Tu,National Cheng Kung University,http://www.csie.ncku.edu.tw/ncku_csie/depmember/teacherdetail/id/75,MiHoJtkAAAAJ,393.0,12.0
Chia-Yen Lee,National Cheng Kung University,http://www.csie.ncku.edu.tw/ncku_csie/depmember/teacherdetail/id/45,M_DB0CQAAAAJ,902.0,19.0
Jui-Hung Chang,National Cheng Kung University,http://www.csie.ncku.edu.tw/ncku_csie/depmember/teacherdetail/id/48,_1IXaV0AAAAJ,22.0,3.0
Yau-Hwang Kuo,National Cheng Kung University,http://www.csie.ncku.edu.tw/ncku_csie/depmember/teacherdetail/id/5,,,
Paul Horton,National Cheng Kung University,http://www.csie.ncku.edu.tw/ncku_csie/depmember/teacherdetail/id/78,V_6zOpYAAAAJ,10198.0,26.0
Shang-Liang Chen,National Cheng Kung University,http://www.csie.ncku.edu.tw/ncku_csie/depmember/teacherdetail/id/40,FOcRfdEAAAAJ,310.0,6.0
Sheng-Tzong Cheng,National Cheng Kung University,http://www.csie.ncku.edu.tw/ncku_csie/depmember/teacherdetail/id/9,,,
Meng-Hsun Tsai,National Cheng Kung University,http://www.csie.ncku.edu.tw/ncku_csie/depmember/teacherdetail/id/34,Ud3e9S0AAAAJ,474.0,13.0
Pei-Hsuan Tsai,National Cheng Kung University,http://www.csie.ncku.edu.tw/ncku_csie/depmember/teacherdetail/id/43,,,
Chao-Chun Chen,National Cheng Kung University,http://www.csie.ncku.edu.tw/ncku_csie/depmember/teacherdetail/id/42,,,
Alvin W. Y. Su,National Cheng Kung University,http://www.csie.ncku.edu.tw/ncku_csie/depmember/teacherdetail/id/12,,,
Chung-Ming Huang,National Cheng Kung University,http://www.csie.ncku.edu.tw/ncku_csie/depmember/teacherdetail/id/7,hzvOhtsAAAAJ,4478.0,29.0
Yung-Nien Sun,National Cheng Kung University,http://www.csie.ncku.edu.tw/ncku_csie/depmember/teacherdetail/id/3,,,
Shin-Jie Lee,National Cheng Kung University,http://www.csie.ncku.edu.tw/ncku_csie/depmember/teacherdetail/id/46,,,
James Jenn-Jier Lien,National Cheng Kung University,http://www.csie.ncku.edu.tw/ncku_csie/depmember/teacherdetail/id/17,,,
Chuan-Ching Sue,National Cheng Kung University,http://www.csie.ncku.edu.tw/ncku_csie/depmember/teacherdetail/id/20,,,
Da-Wei Chang,National Cheng Kung University,http://www.csie.ncku.edu.tw/ncku_csie/depmember/teacherdetail/id/28,,,
Wen-Hsiang Lu,National Cheng Kung University,http://www.csie.ncku.edu.tw/ncku_csie/depmember/teacherdetail/id/22,,,
Sun-Yuan Hsieh,National Cheng Kung University,http://www.csie.ncku.edu.tw/ncku_csie/depmember/teacherdetail/id/15,xTcr9DoAAAAJ,4574.0,41.0
Chung-Hsien Wu,National Cheng Kung University,http://www.csie.ncku.edu.tw/ncku_csie/depmember/teacherdetail/id/2,,,
Hung-Chang Hsiao,National Cheng Kung University,http://www.csie.ncku.edu.tw/ncku_csie/depmember/teacherdetail/id/25,,,
Shu-Mei Guo,National Cheng Kung University,http://www.csie.ncku.edu.tw/ncku_csie/depmember/teacherdetail/id/14,,,
Chung-Ping Young,National Cheng Kung University,http://www.csie.ncku.edu.tw/ncku_csie/depmember/teacherdetail/id/21,,,
Pei-Yin Chen,National Cheng Kung University,http://www.csie.ncku.edu.tw/ncku_csie/depmember/teacherdetail/id/23,H6_RJxkAAAAJ,1998.0,21.0
Kun-chan Lan,National Cheng Kung University,http://www.csie.ncku.edu.tw/ncku_csie/depmember/teacherdetail/id/27,,,
Yeim-Kuan Chang,National Cheng Kung University,http://www.csie.ncku.edu.tw/ncku_csie/depmember/teacherdetail/id/16,rGtLC8QAAAAJ,176.0,6.0
Sheng-Fu Liang,National Cheng Kung University,http://www.csie.ncku.edu.tw/ncku_csie/depmember/teacherdetail/id/26,,,
Jung-Hsien Chiang,National Cheng Kung University,http://www.csie.ncku.edu.tw/ncku_csie/depmember/teacherdetail/id/10,NaNxyQgAAAAJ,3839.0,31.0
Hung-Yu Kao,National Cheng Kung University,http://www.csie.ncku.edu.tw/ncku_csie/depmember/teacherdetail/id/24,X5Is2lAAAAAj,3069.0,24.0
Yu-Tai Ching,National Chiao Tung University,https://www.cs.nctu.edu.tw/members/detail/ytc,Gne6kXkAAAAJ,1474.0,17.0
Ying-Dar Jason Lin,National Chiao Tung University,http://speed.cis.nctu.edu.tw/~ydlin,6ZzMxhsAAAAJ,6010.0,37.0
Shi-Chun Tsai,National Chiao Tung University,http://www.cs.nctu.edu.tw/~sctsai,CoJCy94AAAAJ,998.0,18.0
Kuo-Chen Wang,National Chiao Tung University,http://mbl.cs.nctu.edu.tw,,,
Wen-Hsiao Peng,National Chiao Tung University,http://mapl.nctu.edu.tw,HucsFB4AAAAJ,1523.0,20.0
Rong-Jaye Chen,National Chiao Tung University,http://www.cs.nctu.edu.tw/~rjchen,,,
Chien-Chao Tseng,National Chiao Tung University,https://win.cs.nctu.edu.tw/cctseng,ownGePIAAAAJ,2632.0,27.0
I-Chen Lin,National Chiao Tung University,http://www.cs.nctu.edu.tw/~ichenlin,75SR4WgAAAAJ,427.0,13.0
Tzu-Chien Hsiao,National Chiao Tung University,https://sites.google.com/site/labview704/About-Us/TC,JPMrsz0AAAAJ,781.0,14.0
Kuan-Wen Chen,National Chiao Tung University,http://www.cs.nctu.edu.tw/~kuanwen,2kfjkmEAAAAJ,548.0,12.0
Tien-Fu Chen,National Chiao Tung University,http://www.cs.nctu.edu.tw/~tfchen,coZE3XcAAAAJ,3580.0,23.0
Jiun-Long Huang,National Chiao Tung University,http://www.cs.nctu.edu.tw/~jlhuang,,,
Jyh-Cheng Chen,National Chiao Tung University,http://www.cs.nctu.edu.tw/~jcc,qq7bmfIAAAAJ,9152.0,42.0
Jason Yi-Bing Lin,National Chiao Tung University,http://liny.csie.nctu.edu.tw,478J1_AAAAAJ,24643.0,85.0
Lan-Da Van,National Chiao Tung University,http://www.cs.nctu.edu.tw/~ldvan,qbTpOVsAAAAJ,1367.0,18.0
F. Joe Lin,National Chiao Tung University,http://www.cs.nctu.edu.tw/~fuchun_lin,Pei7LGcAAAAJ,1471.0,21.0
Yen-Yu Lin,National Chiao Tung University,https://sites.google.com/site/yylinweb,9RhFbpwAAAAJ,3163.0,29.0
Ping-Chun Hsieh,National Chiao Tung University,https://pinghsieh.github.io,ix38JgoAAAAJ,184.0,8.0
Wen-Hsiang Tsai,National Chiao Tung University,http://people.cs.nctu.edu.tw/~whtsai/Welcome.html,a97zfDIAAAAJ,10555.0,45.0
Sai-Keung Wong,National Chiao Tung University,http://www.cs.nctu.edu.tw/~cswingo,QSh468sAAAAJ,1001.0,16.0
Bao-Shuh Paul Lin,National Chiao Tung University,http://bplin.eic.nctu.edu.tw,lS1WwSwAAAAJ,1471.0,22.0
Chun-Jen Tsai,National Chiao Tung University,http://www.cs.nctu.edu.tw/~cjtsai,,,
Zen-Chung Shih,National Chiao Tung University,http://cgvr.cs.nctu.edu.tw,,,
Li-Pin Chang,National Chiao Tung University,https://sites.google.com/view/lpchang,t21ZkxEAAAAJ,3530.0,22.0
Jen-Hui Chuang,National Chiao Tung University,http://islab.cs.nctu.edu.tw,,,
Chi-Yu Li,National Chiao Tung University,http://www.cs.nctu.edu.tw/~chiyuli,OtMUXigAAAAJ,987.0,17.0
Jung-Hong Chuang,National Chiao Tung University,http://cggmwww.csie.nctu.edu.tw/index.php/8-member/10-faculty,,,
I-Chen Wu,National Chiao Tung University,http://java.csie.nctu.edu.tw/~icwu,,,
Chun-Ying Huang,National Chiao Tung University,http://www.cs.nctu.edu.tw/~chuang,ixq3XDUAAAAJ,3749.0,28.0
Wen-Chieh Lin,National Chiao Tung University,http://www.cs.nctu.edu.tw/~wclin,v3l_oYkAAAAJ,1822.0,20.0
Shiao-Li Tsao,National Chiao Tung University,http://people.cs.nctu.edu.tw/~sltsao,rk-q0YkAAAAJ,2301.0,25.0
Shin-Mu Tseng,National Chiao Tung University,http://people.cs.nctu.edu.tw/~vtseng,DFjmS6AAAAAJ,12619.0,59.0
Wen-Guey Tzeng,National Chiao Tung University,http://www.cs.nctu.edu.tw/~wgtzeng,,,
Cheng-Chung Lin,National Chiao Tung University,https://www.cs.nctu.edu.tw/members/detail/cclin,,,
Kai-Chiang Wu,National Chiao Tung University,http://www.cs.nctu.edu.tw/~kcw,,,
Meng-Tsung Tsai,National Chiao Tung University,https://www.cs.nctu.edu.tw/members/detail/mtsai,VrVkEv8AAAAJ,157.0,8.0
Terng-Yin Hsu,National Chiao Tung University,https://www.cs.nctu.edu.tw/members/detail/tyhsu,,,
Shiuh-Pyng Shieh,National Chiao Tung University,https://dsns.cs.nctu.edu.tw/ssp.php,8huMZRAAAAAJ,3496.0,28.0
Liwei Chan,National Chiao Tung University,http://people.cs.nctu.edu.tw/~liweichan,yF0Cw1EAAAAJ,2324.0,26.0
Ching-Ju Lin,National Chiao Tung University,http://people.cs.nctu.edu.tw/~katelin,dT-9dtwAAAAJ,3155.0,29.0
Li-Hsing Yen,National Chiao Tung University,http://people.cs.nctu.edu.tw/~lhyen,lgBtvGwAAAAJ,1298.0,18.0
Feng-Jian Wang,National Chiao Tung University,https://www.cs.nctu.edu.tw/members/detail/fjwang,,,
Hsu-Feng Hsiao,National Chiao Tung University,https://www.cs.nctu.edu.tw/members/detail/hillhsiao,,,
Yih-Lang Li,National Chiao Tung University,http://people.cs.nctu.edu.tw/~ylli,,,
Ching-Chun Huang,National Chiao Tung University,http://acm.cs.nctu.edu.tw,,,
Yi-Ping You,National Chiao Tung University,http://people.cs.nctu.edu.tw/~ypyou,puMjxwUAAAAJ,402.0,11.0
Chih-Wei Yi,National Chiao Tung University,http://people.cs.nctu.edu.tw/~yi,,,
Jean Jyh-Jiun Shann,National Chiao Tung University,https://www.cs.nctu.edu.tw/members/detail/jjshann,,,
Wen-Jiin Tsai,National Chiao Tung University,http://www.cs.nctu.edu.tw/~wjtsai,,,
Hsi-Lu Chao,National Chiao Tung University,https://www.cs.nctu.edu.tw/members/detail/hlchao,,,
Ying-Ping Chen,National Chiao Tung University,http://www.cs.nctu.edu.tw/~ypchen,5Fb9380AAAAJ,5096.0,22.0
Wuu Yang,National Chiao Tung University,http://people.cs.nctu.edu.tw/~wuuyang/homepage/Welcome.html,,,
Yu-Sung Wu,National Chiao Tung University,http://www.cs.nctu.edu.tw/~ysw,,,
Yu-Shuen Wang,National Chiao Tung University,http://www.cs.nctu.edu.tw/~yushuen,AKeIOxIAAAAJ,2132.0,17.0
Hong-Han Shuai,National Chiao Tung University,https://basiclab.nctu.edu.tw,,,
Tsaipei Wang,National Chiao Tung University,http://www.cis.nctu.edu.tw/~wangts,,,
Walon Wei-Chen Chiu,National Chiao Tung University,https://walonchiu.github.io,FiFOBS8AAAAJ,1001.0,14.0
Yuh-Jyh Hu,National Chiao Tung University,http://www.cis.nctu.edu.tw/chinese/doc/people/ShortIntro/yhu.htm,,,
Chuen-Tsai Sun,National Chiao Tung University,http://gamelearninglab.nctu.edu.tw/professor,Koh3TDUAAAAJ,21151.0,38.0
Shie Yuan Wang,National Chiao Tung University,http://www.csie.nctu.edu.tw/~shieyuan,,,
Yung-Ju Chang,National Chiao Tung University,http://people.cs.nctu.edu.tw/~armuro,KRQlQOIAAAAJ,747.0,12.0
Ming-Feng Chang,National Chiao Tung University,http://www.csie.nctu.edu.tw/~mfchang,,,
Shyan-Ming Yuan,National Chiao Tung University,http://dcslab.blog.nctu.edu.tw,X9nPxF4AAAAJ,4681.0,34.0
Jui-Hung Hung,National Chiao Tung University,http://www.jhhlab.tw,,,
Maria C. Yuang,National Chiao Tung University,http://rowan634.wixsite.com/mcyuang,,,
Yu-Chee Tseng,National Chiao Tung University,https://sites.google.com/site/yc0405,BvZeOPIAAAAJ,26503.0,68.0
Wen-Chih Peng,National Chiao Tung University,https://sites.google.com/site/wcpeng,T5Rs-ngAAAAJ,5595.0,42.0
Yong-Sheng Chen,National Chiao Tung University,http://www.cs.nctu.edu.tw/~yschen,kUCM_aEAAAAJ,3072.0,24.0
Shyamosree Pal,National Institute of Technology Silchar,http://cs.nits.ac.in/spal,lpybqSwAAAAJ,105.0,6.0
Sivaji Bandyopadhyay,National Institute of Technology Silchar,http://cs.nits.ac.in/sivaji,_NQqd9YAAAAJ,9483.0,43.0
Pinki Roy,National Institute of Technology Silchar,http://cs.nits.ac.in/pinki,ZGnPvTIAAAAJ,738.0,15.0
Shyamapada Mukherjee,National Institute of Technology Silchar,http://cs.nits.ac.in/shyama,ACjsj54AAAAJ,64.0,5.0
Ujwala Baruah,National Institute of Technology Silchar,http://cs.nits.ac.in/ujwala,BD2ObywAAAAJ,71.0,5.0
Saroj K. Biswas,National Institute of Technology Silchar,http://cs.nits.ac.in/saroj,5poSUEQAAAAJ,804.0,15.0
Biswajit Purkayastha,National Institute of Technology Silchar,http://cs.nits.ac.in/biswajit,J7oXZYkAAAAJ,514.0,12.0
Suganya Devi K,National Institute of Technology Silchar,http://cs.nits.ac.in/suganya,AdtGcxoAAAAJ,232.0,9.0
Samir Borgohain,National Institute of Technology Silchar,http://cs.nits.ac.in/samir,sxajfT0AAAAJ,196.0,10.0
Ripon Patgiri,National Institute of Technology Silchar,http://cs.nits.ac.in/rp,UqnzylwAAAAJ,656.0,14.0
Anupam Biswas,National Institute of Technology Silchar,http://cs.nits.ac.in/anupam,DoAQkCgAAAAJ,330.0,8.0
Badal Soni,National Institute of Technology Silchar,http://cs.nits.ac.in/badal,QjXhGYsAAAAJ,357.0,10.0
Naresh Babu M.,National Institute of Technology Silchar,http://cs.nits.ac.in/naresh,SO7rzTUAAAAJ,119.0,6.0
Laiphrakpam Dolendro Singh,National Institute of Technology Silchar,http://cs.nits.ac.in/dolendro,FoGUkB0AAAAJ,451.0,9.0
Dalton Meitei Thounaojam,National Institute of Technology Silchar,http://cs.nits.ac.in/dalton,MoD6g-UAAAAJ,499.0,13.0
Biswanath Dey,National Institute of Technology Silchar,http://cs.nits.ac.in/bdey,_38RH3kAAAAJ,71.0,4.0
Anish Kumar Saha,National Institute of Technology Silchar,http://cs.nits.ac.in/anish,kEqWx-kAAAAJ,76.0,6.0
Thoudam Doren Singh,National Institute of Technology Silchar,http://cs.nits.ac.in/doren,2HwvOqkAAAAJ,348.0,9.0
Malaya Dutta Borah,National Institute of Technology Silchar,http://cs.nits.ac.in/malaya,I88D3q8AAAAJ,576.0,10.0
Partha Pakray,National Institute of Technology Silchar,http://cs.nits.ac.in/partha,3pp18IYAAAAJ,1030.0,16.0
Chih-Wen Hsueh,National Taiwan University,https://www.csie.ntu.edu.tw/~cwhsueh/MyInfo.htm,JPPL6AYAAAAJ,612.0,14.0
Shih-Hao Hung,National Taiwan University,https://www.csie.ntu.edu.tw/~hungsh,VbfABcUAAAAJ,1131.0,16.0
Jyh-Shing Roger Jang,National Taiwan University,https://mirlab.org/jang,WrZJwhcAAAAJ,43461.0,41.0
Yi-Ping Hung,National Taiwan University,https://www.csie.ntu.edu.tw/~hung,gUYquw0AAAAJ,7047.0,39.0
Hsin-Mu Michael Tsai,National Taiwan University,https://www.csie.ntu.edu.tw/~hsinmu/wiki,RL0CmuAAAAAJ,2360.0,26.0
Hsuan-Tien Lin,National Taiwan University,https://www.csie.ntu.edu.tw/~htlin,yAr4UPUAAAAJ,5990.0,30.0
Chih-Jen Lin,National Taiwan University,https://www.csie.ntu.edu.tw/~cjlin,SLMkts8AAAAJ,109266.0,68.0
Yufeng J. Tseng,National Taiwan University,http://ah.ntu.edu.tw/web/Teacher!one.action?tid=2147,prXvyPUAAAAJ,1896.0,24.0
Chiou-Shann Fuh,National Taiwan University,https://www.csie.ntu.edu.tw/~fuh,,,
Cheng-Fu Chou,National Taiwan University,http://www.csie.ntu.edu.tw/~ccf,,,
Yung-Yu Chuang,National Taiwan University,https://www.csie.ntu.edu.tw/~cyy,uSS3FwQAAAAJ,6502.0,37.0
Hsu-Chun Hsiao,National Taiwan University,http://www.csie.ntu.edu.tw/~hchsiao,jP6pVZcAAAAJ,1382.0,20.0
Wei-Chung Hsu,National Taiwan University,http://www.csie.ntu.edu.tw/~hsuwc,,,
Jonathan Lee,National Taiwan University,https://www.csie.ntu.edu.tw/~jlee,iYNIPS8AAAAJ,26532.0,69.0
Bing-Yu Chen,National Taiwan University,http://graphics.im.ntu.edu.tw/~robin,8UC5dY4AAAAJ,4955.0,42.0
Shih-Wei Liao,National Taiwan University,https://www.csie.ntu.edu.tw/~liao,,,
Ruey-Feng Chang,National Taiwan University,http://ah.ntu.edu.tw/web/Teacher!one.action?tid=2074,,,
Yen-Jen Oyang,National Taiwan University,http://ah.ntu.edu.tw/web/Teacher!one.action?tid=2141,,,
Gen-Huey Chen,National Taiwan University,http://www.csie.ntu.edu.tw/~ghchen,,,
Lin-shan Lee,National Taiwan University,http://speech.ee.ntu.edu.tw/previous_version/lslNew.htm,,,
Ray-I Chang,National Taiwan University,http://homepage.ntu.edu.tw/~rayichang,YiqWyHkAAAAJ,3384.0,26.0
Li-Chen Fu,National Taiwan University,http://www.ee.ntu.edu.tw/bio?id=23,xJQGpUgAAAAJ,33942.0,82.0
Hsueh-I Lu,National Taiwan University,http://www.csie.ntu.edu.tw/~hil,RfQ6JRcAAAAJ,1941.0,24.0
Jane Yung-Jen Hsu,National Taiwan University,https://iagentntu.github.io/professor/Jane.html,FEj19lcAAAAJ,4268.0,33.0
Ming-Sui Lee,National Taiwan University,http://www.csie.ntu.edu.tw/~mslee,,,
Shou-De Lin,National Taiwan University,https://www.csie.ntu.edu.tw/~sdlin,_82xf3QAAAAJ,3072.0,30.0
Tony Tan,National Taiwan University,https://www.csie.ntu.edu.tw/~tonytan,,,
Jia-Ling Wu,National Taiwan University,http://www.forex.ntu.edu.tw/en/members/teacher.php,,,
Hsin-Hsi Chen,National Taiwan University,http://nlg.csie.ntu.edu.tw/advisor.php,CRth4q4AAAAJ,7754.0,43.0
Kun-Mao Chao,National Taiwan University,https://www.csie.ntu.edu.tw/~kmchao,rkpVQI4AAAAJ,3445.0,32.0
Pu-Jen Cheng,National Taiwan University,https://www.csie.ntu.edu.tw/~pjcheng,uYdM_rwAAAAJ,755.0,14.0
Pangfeng Liu,National Taiwan University,https://www.coursera.org/instructor/~7924288,,,
Yun-Nung Chen,National Taiwan University,https://www.csie.ntu.edu.tw/~yvchen,jQLg-_UAAAAJ,3735.0,31.0
Phone Lin,National Taiwan University,https://www.csie.ntu.edu.tw/~plin,,,
Ai-Chun Pang,National Taiwan University,https://www.csie.ntu.edu.tw/~acpang,,,
Yuh-Dauh Lyuu,National Taiwan University,https://www.csie.ntu.edu.tw/~lyuu,,,
Wen-Chin Chen,National Taiwan University,http://www.cmlab.csie.ntu.edu.tw/~wcchen,,,
Chi-Sheng Shih,National Taiwan University,http://newslabx.csie.ntu.edu.tw/newslabx,aghHOfcAAAAJ,2345.0,25.0
Jieh Hsiang,National Taiwan University,http://www.digital.ntu.edu.tw/hsiang,Rxg0ObMAAAAJ,3789.0,30.0
Chia-Lin Yang,National Taiwan University,http://www.csie.ntu.edu.tw/~yangc,Fh3SPAkAAAAJ,713.0,6.0
Feipei Lai,National Taiwan University,https://www.ntuh.gov.tw/en/director/members/3.%20Secretary%20In%20Medical%20Affairs/Fei%20Pei%20Lai.aspx,,,
Mike Y. Chen,National Taiwan University,https://mikechen.com,NnEMWJsAAAAJ,12362.0,43.0
Winston H. Hsu,National Taiwan University,https://winstonhsu.info,NOvDH3QAAAAJ,7855.0,40.0
Ming Ouhyoung,National Taiwan University,https://www.csie.ntu.edu.tw/~ming,UmUdIEgAAAAJ,8083.0,35.0
Jenq Kuen Lee,National Tsing Hua University,http://pllab.cs.nthu.edu.tw/~jklee,cIxlQU4AAAAJ,1658.0,19.0
Chun-Yao Wang,National Tsing Hua University,http://nthucad.cs.nthu.edu.tw/~wcyao,xtN7584AAAAJ,686.0,14.0
Cheng-Hsin Hsu,National Tsing Hua University,https://nmsl.cs.nthu.edu.tw/index.php/people?catid=77&id=68,6Hsfe8gAAAAJ,4156.0,34.0
Shun-Ren Yang,National Tsing Hua University,http://www.cs.nthu.edu.tw/~sryang,,,
Youn-Long Steve Lin,National Tsing Hua University,http://www.cs.nthu.edu.tw/~ylin,jYgzZWIAAAAJ,6502.0,36.0
Biing-Feng Wang,National Tsing Hua University,http://clark.cs.nthu.edu.tw/advisor.php,,,
Duan-Shin Lee,National Tsing Hua University,http://com-en.web.nthu.edu.tw/files/14-1034-12760%2Cr1469-1.php?Lang=en,,,
Chih-Tsun Huang,National Tsing Hua University,http://nthucad.cs.nthu.edu.tw/~cthuang,,,
Jang-Ping Sheu,National Tsing Hua University,http://hscc.cs.nthu.edu.tw/~sheujp,xlzYeMsAAAAJ,15649.0,45.0
Hung-Kuo Chu,National Tsing Hua University,http://cgv.cs.nthu.edu.tw/hkchu,XM4QrScAAAAJ,1540.0,15.0
Yi-Shin Chen,National Tsing Hua University,http://www.yishin.net,0pm_SDoAAAAJ,1071.0,18.0
Pai H. Chou,National Tsing Hua University,http://epl.tw/people/phchou,r7I9N5cAAAAJ,5462.0,35.0
Hung Min Sun,National Tsing Hua University,http://is.cs.nthu.edu.tw/wiki/doku.php?id=advisor:main,,,
Jason S. Chang,National Tsing Hua University,http://www.nlplab.cc,8HaVIjQAAAAJ,2915.0,28.0
Von-Wun Soo,National Tsing Hua University,http://ai.cs.nthu.edu.tw,,,
Jyuo-Min Shyu,National Tsing Hua University,http://web-en.cs.nthu.edu.tw/files/13-1044-5696.php,,,
Wai-Kei Mak,National Tsing Hua University,http://www.cs.nthu.edu.tw/~wkmak,82p3cicAAAAJ,1959.0,20.0
Shang-Hong Lai,National Tsing Hua University,http://www.cs.nthu.edu.tw/~lai,LlybOXQAAAAJ,5810.0,38.0
Shan-Hung Wu,National Tsing Hua University,http://www.cs.nthu.edu.tw/~shwu,Pw-5jKcAAAAJ,1177.0,20.0
Ren-Song Tsay,National Tsing Hua University,http://logos.cs.nthu.edu.tw/index.php/our-boss,qqrPdy0AAAAJ,2224.0,19.0
Shih-Chieh Chang,National Tsing Hua University,http://www.cs.nthu.edu.tw/~scchang,LXaFMMAAAAAJ,3482.0,32.0
Jia-Shung Wang,National Tsing Hua University,http://vc.cs.nthu.edu.tw/home/vc_html/member/jswang_e.html,,,
Ting-Ting Hwang,National Tsing Hua University,http://www.cs.nthu.edu.tw/~tingting,,,
Ming-Jer Tsai,National Tsing Hua University,http://dclab.cs.nthu.edu.tw/~mjtsai,,,
Long-Wen Chang,National Tsing Hua University,http://www.cs.nthu.edu.tw/~lchang,,,
Chun-Yi Lee,National Tsing Hua University,http://cymaxwelllee.wixsite.com/elsa,5mYNdo0AAAAJ,497.0,10.0
Hwann-Tzong Chen,National Tsing Hua University,http://www.cs.nthu.edu.tw/~htchen,,,
Chung-Ta King,National Tsing Hua University,http://www.cs.nthu.edu.tw/~king,,,
Chiou-Ting Hsu,National Tsing Hua University,http://www.cs.nthu.edu.tw/~cthsu/candy.html,K4woTsYAAAAJ,4713.0,28.0
Wei-Kuan Shih,National Tsing Hua University,https://sites.google.com/site/rtlabnthu/project-definition,,,
Hwa-Chun Lin,National Tsing Hua University,http://alpha5.cs.nthu.edu.tw/labweb/advisor.html,,,
Wing-Kai Hon,National Tsing Hua University,http://www.cs.nthu.edu.tw/~wkhon,7bMQ4KAAAAAJ,2519.0,28.0
Jung-Chun Kao,National Tsing Hua University,http://www.cs.nthu.edu.tw/~jungchuk,,,
Ting-Chi Wang,National Tsing Hua University,http://www.cs.nthu.edu.tw/~tcwang,yZfRvvoAAAAJ,1770.0,22.0
Nen-Fu Huang,National Tsing Hua University,http://www.cs.nthu.edu.tw/~nfhuang,8gf68DQAAAAJ,3317.0,27.0
Chin-Lung Lu,National Tsing Hua University,http://www.cs.nthu.edu.tw/~cllu,,,
Chih-Ya Shen,National Tsing Hua University,http://www.cs.nthu.edu.tw/~chihya,,,
Che-Rung Lee,National Tsing Hua University,http://www.cs.nthu.edu.tw/~cherung,FoJPzwUAAAAJ,711.0,15.0
Jerry Chou,National Tsing Hua University,https://lsalab.cs.nthu.edu.tw/home,5lJoLIEAAAAJ,809.0,14.0
Chaur-Chin Chen,National Tsing Hua University,http://www.cs.nthu.edu.tw/~cchen,,,
Chin-Yu Huang,National Tsing Hua University,http://www.cs.nthu.edu.tw/~cyhuang,ZdsQftgAAAAJ,7447.0,43.0
Ching-Te Chiu,National Tsing Hua University,http://www.cs.nthu.edu.tw/~ctchiu,,,
Chee Yong Chan,National University of Singapore,https://www.comp.nus.edu.sg/~chancy,mcz6T78AAAAJ,6255.0,32.0
Ee-Chien Chang,National University of Singapore,https://www.comp.nus.edu.sg/~changec,qZavFBcAAAAJ,4941.0,35.0
Wei-Ngan Chin,National University of Singapore,https://www.comp.nus.edu.sg/~chinwn,DO2x-J0AAAAJ,3179.0,28.0
Martin Henz,National University of Singapore,https://www.comp.nus.edu.sg/~henz,zle1cCkAAAAJ,1312.0,17.0
Colin Keng-Yan Tan,National University of Singapore,https://www.comp.nus.edu.sg/~ctank/pubs.htm,BM9NMrcAAAAJ,1297.0,15.0
Arnab Bhattacharyya,National University of Singapore,https://www.comp.nus.edu.sg/~arnab,eECXWqUAAAAJ,1205.0,19.0
Damith C. Rajapakse,National University of Singapore,https://www.comp.nus.edu.sg/~damithch,uxSljw0AAAAJ,373.0,7.0
Bruno Bodin,National University of Singapore,https://www.comp.nus.edu.sg/~bruno,yySZFKoAAAAJ,705.0,14.0
Shengdong Zhao,National University of Singapore,http://www.shengdongzhao.com,VfdLjCcAAAAJ,3560.0,32.0
Harold Soh,National University of Singapore,https://haroldsoh.com,lkgd1BsAAAAJ,1770.0,26.0
Frank Stephan,National University of Singapore,https://www.comp.nus.edu.sg/~fstephan,m32l0cMAAAAJ,17112.0,66.0
Michael Scott Brown,National University of Singapore,https://www.comp.nus.edu.sg/~brown,,,
Ben Leong,National University of Singapore,https://www.comp.nus.edu.sg/~bleong,kLMAXGgAAAAJ,5341.0,23.0
Bryan Hooi,National University of Singapore,https://www.comp.nus.edu.sg/~bhooi,ErEL3bgAAAAJ,1992.0,22.0
Xiaokui Xiao,National University of Singapore,http://www.comp.nus.edu.sg/~xiaoxk,BpgsGX0AAAAJ,14336.0,57.0
Y. C. Tay,National University of Singapore,http://www.math.nus.edu.sg/~mattyc,qAalyGsAAAAJ,16176.0,25.0
Jialin Li,National University of Singapore,https://homes.cs.washington.edu/~lijl,,,
Jin Song Dong,National University of Singapore,https://www.comp.nus.edu.sg/~dongjs,tuLa1AsAAAAJ,9832.0,47.0
Mun Choon Chan,National University of Singapore,https://www.comp.nus.edu.sg/~chanmc,QVeujWMAAAAJ,5297.0,35.0
See-Kiong Ng,National University of Singapore,http://datam.i2r.a-star.edu.sg/~skng,_wsommYAAAAJ,5549.0,35.0
Tulika Mitra,National University of Singapore,http://www.comp.nus.edu.sg/~tulika,ajeWJ4UAAAAJ,9114.0,46.0
Gary S. H. Tan,National University of Singapore,http://www.comp.nus.edu.sg/~gtan,3XI4ptoAAAAJ,1380.0,21.0
Wynne Hsu,National University of Singapore,http://www.comp.nus.edu.sg/~whsu,ljyBjv8AAAAJ,17682.0,60.0
Diptarka Chakraborty,National University of Singapore,https://sites.google.com/view/diptarka,luSyn1AAAAAJ,247.0,7.0
Sun-Teck Tan,National University of Singapore,http://www.comp.nus.edu.sg/about/depts/cs/faculty,,,
Anthony K. H. Tung,National University of Singapore,http://www.comp.nus.edu.sg/~atung,HPYVJacAAAAJ,10917.0,54.0
Anand Bhojan,National University of Singapore,http://www.comp.nus.edu.sg/~bhojan,FDxsgEgAAAAJ,356.0,10.0
Tat-Seng Chua,National University of Singapore,http://www.comp.nus.edu.sg/~chuats,Z9DWCBEAAAAJ,44341.0,99.0
David Hsu,National University of Singapore,http://www.comp.nus.edu.sg/~dyhsu,LhnU_joAAAAJ,45998.0,29.0
Seth Gilbert,National University of Singapore,http://www.comp.nus.edu.sg/~gilbert,bKN3mSsAAAAJ,6701.0,35.0
Beng Chin Ooi,National University of Singapore,http://www.comp.nus.edu.sg/~ooibc,9560QjYAAAAJ,26144.0,85.0
Bingsheng He,National University of Singapore,http://www.comp.nus.edu.sg/~hebs,RogYLKYAAAAJ,11229.0,54.0
Bryan Kian Hsiang Low,National University of Singapore,http://www.comp.nus.edu.sg/~lowkh/research.html,2P-Q09UAAAAJ,2678.0,32.0
Mohan S. Kankanhalli,National University of Singapore,http://www.comp.nus.edu.sg/~mohan,6Lx_eowAAAAJ,17175.0,65.0
Brian Y. Lim,National University of Singapore,http://www.brianlim.net,_bza0AoAAAAJ,2712.0,18.0
Wei Tsang Ooi,National University of Singapore,http://www.comp.nus.edu.sg/~ooiwt,nFP2ldkAAAAJ,2885.0,29.0
Tiow Seng Tan,National University of Singapore,http://www.comp.nus.edu.sg/~tants,lQJFHbIAAAAJ,2358.0,19.0
Yong Meng Teo,National University of Singapore,http://www.comp.nus.edu.sg/~teoym,,,
Siau-Cheng Khoo,National University of Singapore,http://msba.nus.edu/our-schools/7-faculty,jjcAIkQAAAAJ,3468.0,28.0
Abhik Roychoudhury,National University of Singapore,https://www.comp.nus.edu.sg/~abhik,UxFWSJIAAAAJ,9691.0,54.0
Roland H. C. Yap,National University of Singapore,https://www.comp.nus.edu.sg/~ryap,lbeiP9wAAAAJ,4136.0,32.0
Umang Mathur,National University of Singapore,https://www.comp.nus.edu.sg/~umathur,6rB8UjgAAAAJ,195.0,8.0
Jonathan Scarlett,National University of Singapore,https://www.comp.nus.edu.sg/~scarlett,a4D08aQAAAAJ,2081.0,25.0
Aquinas Hobor,National University of Singapore,https://www.comp.nus.edu.sg/~hobor,-SbM8VcAAAAJ,3501.0,18.0
Divesh Aggarwal,National University of Singapore,https://sites.google.com/site/diveshhomepage,H6sfzfwAAAAJ,1249.0,17.0
Hugh Anderson,National University of Singapore,https://www.comp.nus.edu.sg/~hugh,tReFhKEAAAAJ,82.0,4.0
Li-Shiuan Peh,National University of Singapore,http://people.csail.mit.edu/peh,H-l2HbsAAAAJ,19753.0,62.0
Weng-Fai Wong,National University of Singapore,https://www.comp.nus.edu.sg/~wongwf,SL1cTsIAAAAJ,4280.0,34.0
Sanjay Jain,National University of Singapore,https://www.comp.nus.edu.sg/~sanjay,PYOH-4kAAAAJ,12366.0,40.0
Djordje Jevdjic,National University of Singapore,https://www.comp.nus.edu.sg/~jevdjic,CPdp6OoAAAAJ,2176.0,14.0
Roger Zimmermann,National University of Singapore,https://www.comp.nus.edu.sg/~rogerz/roger.html,IDREwXEAAAAJ,8352.0,49.0
Kian-Lee Tan,National University of Singapore,https://www.comp.nus.edu.sg/~tankl,,,
Richard T. B. Ma,National University of Singapore,https://www.comp.nus.edu.sg/~tbma,gdyYJz4AAAAJ,2883.0,27.0
Reza Shokri,National University of Singapore,https://www.comp.nus.edu.sg/~reza,udlZXXcAAAAJ,9146.0,34.0
Trevor E. Carlson,National University of Singapore,https://www.comp.nus.edu.sg/~tcarlson,bUK5DP4AAAAJ,2200.0,19.0
Tsuhan Chen,National University of Singapore,http://www.nus.edu.sg/about/management/chen-tsuhan,syCMBRIAAAAJ,22830.0,71.0
Gim Hee Lee,National University of Singapore,https://sites.google.com/site/gimheelee,7hNKrPsAAAAJ,5088.0,35.0
Ilya Sergey,National University of Singapore,https://www.yale-nus.edu.sg/about/faculty/ilya-sergey,oCIeffUAAAAJ,2110.0,24.0
Stéphane Bressan,National University of Singapore,https://www.comp.nus.edu.sg/~steph,,,
Mong-Li Lee,National University of Singapore,https://www.comp.nus.edu.sg/~leeml,_xFTK8wAAAAJ,11814.0,58.0
Tok Wang Ling,National University of Singapore,http://www.comp.nus.edu.sg/~lingtw,UftrQocAAAAJ,6648.0,39.0
Olivier Danvy,National University of Singapore,https://www.yale-nus.edu.sg/faculty/olivier-danvy/,OZJGoVoAAAAJ,6773.0,42.0
Limsoon Wong,National University of Singapore,https://www.comp.nus.edu.sg/~wongls,Inqu8SkAAAAJ,16742.0,62.0
Terence Sim,National University of Singapore,https://www.comp.nus.edu.sg/~tsim,AdEsZwsAAAAJ,8395.0,34.0
Rahul Jain,National University of Singapore,https://www.comp.nus.edu.sg/~rahul,sq1To-IAAAAJ,5184.0,38.0
Haifeng Yu,National University of Singapore,https://www.comp.nus.edu.sg/~yuhf,IDxePZ0AAAAJ,4847.0,36.0
Warut Suksompong,National University of Singapore,https://www.comp.nus.edu.sg/~warut,Tb1prqkAAAAJ,795.0,17.0
Prateek Saxena,National University of Singapore,https://www.comp.nus.edu.sg/~prateeks,7YoDkzsAAAAJ,11468.0,43.0
Min-Yen Kan,National University of Singapore,https://www.comp.nus.edu.sg/~kanmy,aNVcd3EAAAAJ,12554.0,57.0
Ken Wing-Kin Sung,National University of Singapore,https://www.comp.nus.edu.sg/~ksung,KaCbE9MAAAAJ,29950.0,68.0
Hon Wai Leong,National University of Singapore,https://www.comp.nus.edu.sg/~leonghw,FR0F_OsAAAAJ,2873.0,28.0
Teck Khim Ng,National University of Singapore,https://www.comp.nus.edu.sg/~ngtk,,,
Wee Sun Lee,National University of Singapore,https://www.comp.nus.edu.sg/~leews,8PCrLgwAAAAJ,15045.0,51.0
Zhenkai Liang,National University of Singapore,https://www.comp.nus.edu.sg/~liangzk,SXfOJjcAAAAJ,6334.0,36.0
Kuldeep S. Meel,National University of Singapore,https://www.comp.nus.edu.sg/~meel,bvW5Hs8AAAAJ,1731.0,22.0
Hwee Tou Ng,National University of Singapore,https://www.comp.nus.edu.sg/~nght,,,
Wee Kheng Leow,National University of Singapore,https://www.comp.nus.edu.sg/~leowwk,iCaxtDUAAAAJ,3596.0,33.0
Joxan Jaffar,National University of Singapore,https://www.comp.nus.edu.sg/~joxan,TElUKBYAAAAJ,8657.0,34.0
Tze-Yun Leong,National University of Singapore,https://www.comp.nus.edu.sg/~leongty,GJXdZuwAAAAJ,1789.0,23.0
Bret Michael,Naval Postgraduate School,http://faculty.nps.edu/vitae/cgi-bin/vita.cgi?p=display_vita&id=1023567701,JYxa6eYAAAAJ,1764.0,22.0
